address,lattitude,longitude
대구광역시 서구 달구벌대로365길 3,35.86238548029149,128.5646967802915
대구광역시 중구 동덕로14길 10,35.8623134802915,128.6058454802915
대구광역시 중구 명륜로21길 43-10,35.8638767802915,128.5956351802915
대구광역시 중구 동덕로30길 63-11 (동인동4가),35.868678180291504,128.6086122802915
대구광역시 중구 대봉로 228-9 (대봉동),35.8605161802915,128.6031745802915
대구광역시 서구 서대구로3길 46,35.86030218029149,128.5531084802915
대구광역시 중구 국채보상로131길 75,35.8745096802915,128.6039569802915
대구광역시 서구 국채보상로46길 57,35.86668068029149,128.5586027802915
대구광역시 서구 옥산로6길 9,35.8870969802915,128.5802183802915
대구광역시 중구 동덕로26길 66,35.86624448029149,128.6082847802915
대구광역시 중구 대봉로192,35.8572688802915,128.6038541802915
대구광역시 중구 국채보상로93길 9 (대신동),35.8724511802915,128.5818233802915
대구광역시 중구 남산로6길 22,35.8603611802915,128.5874864802915
대구광역시 중구 경상감영1길 60,35.8748137802915,128.5944577802915
대구광역시 중구 달구벌대로445길 27,35.8652923802915,128.6077958802915
대구광역시 중구 달구벌대로 2150,35.86497938029149,128.5997524802915
대구광역시 중구 달구벌대로445길 38,35.8656736802915,128.6081420802915
대구광역시 서구 국채보상로60길 51,35.86867528029149,128.5659493802915
대구광역시 중구 공평로20길 29-5,35.8732011802915,128.6039160802915
대구광역시 중구 경상감영길 49 (서문로1가),35.8726143802915,128.5893761802915
대구광역시 중구 경상감영길 286-27,35.87184068029149,128.6043519802915
"대구광역시 중구 명덕로55길 25 , 102동 103호 (대봉동,대봉화성파크드림)",35.8579531802915,128.6004886802915
대구광역시 서구 통학로 46,35.86591618029149,128.5661867802915
대구광역시 서구 국채보상로53길 6-5,35.8737619802915,128.5621738802915
대구광역시 서구 국채보상로 135,35.87090138029149,128.5466728802915
대구광역시 중구 국채보상로150길 85-11,35.8661577802915,128.6122315802915
대구광역시 중구 남산로7길 35 (남산동),35.85986198029149,128.5820774802915
대구광역시 서구 국채보상로 249,35.87288158029151,128.5594235802915
대구광역시 중구 봉산문화2길 41 (봉산동),35.8655534802915,128.5983261802915
대구광역시 중구 달구벌대로445길 34-6,35.8653522802915,128.6082513802915
대구광역시 중구 국채보상로150길 77,35.866328780291504,128.6119095802915
대구광역시 서구 국채보상로49길 12,35.87360478029151,128.5589590802915
대구광역시 중구 명륜로23길 81-9,35.8648121802915,128.5958669802915
대구광역시 서구 국채보상로34길 35,35.8680908802915,128.5516453802915
대구광역시 서구 달구벌대로377길 29,35.86607968029149,128.5706900802915
대구광역시 서구 국채보상로 426,35.8718976802915,128.5786161802915
"대구광역시 중구 대봉로 260 , 103동 1층 (대봉동,센트로팰리스)",35.8632303802915,128.6032660802915
"대구광역시 중구 달구벌대로 1970 , 206동 1층(남산동, 남산휴먼시아2단지)",35.8646201802915,128.5818814802915
대구광역시 중구 동덕로30길 63-5,35.8682773802915,128.6085494802915
대구광역시 중구 국채보상로143길 34-4,35.8715456802915,128.6102984802915
대구광역시 중구 태평로 205,35.8757023802915,128.6019183802915
대구광역시 서구 당산로41서길 97,35.8583348802915,128.5439384802915
대구광역시 달서구 달구벌대로 1309,35.8516518,128.5106562
대구광역시 중구 동덕로26길 18-10,35.8665754802915,128.6055578802915
대구광역시 중구 국채보상로 570-14,35.8714302802915,128.5939065802915
대구광역시 중구 중앙대로61길 63-3,35.86219018029149,128.5900089802915
대구광역시 중구 동덕로8길 28,35.860937180291494,128.6069189802915
대구광역시 중구 달구벌대로389길 47,35.8667878802915,128.5773599802915
대구광역시 중구 공평로 37-12,35.8686765802915,128.6008466802915
대구광역시 중구 관덕정길 16 (남산동),35.86638908029151,128.5919135802915
대구광역시 중구 남산로3안길 20 (남산동),35.8617198802915,128.5788413802915
대구광역시 중구 공평로4길 32,35.86648158029149,128.6030756802915
대구광역시 중구 동덕로26길 34-7,35.8662869802915,128.6066319802915
대구광역시 중구 국채보상로131길 73,35.87436658029149,128.6039104802915
대구광역시 서구 통학로 202,35.88000918029149,128.5654107802915
대구광역시 중구 공평로10길 48-1,35.8688392802915,128.6036471802915
대구광역시 중구 국채보상로142길 33-10,35.8682621802915,128.6106620802915
대구광역시 중구 태평로283-17,35.87481638029149,128.6092759802915
대구광역시 중구 공평로8길 45-11,35.868323480291494,128.6038680802915
대구광역시 중구 중앙대로 280-3,35.8596014802915,128.5931663802915
대구광역시 중구 달구벌대로 401길 27,35.86803718029149,128.5848190802915
대구광역시 중구 달구벌대로447길 44-28,35.8652623802915,128.6107010802915
대구광역시 중구 명륜로 154,35.8615544802915,128.6024394802915
대구광역시 중구 태평로51길 8-16,35.874315780291504,128.6084470802915
대구광역시 중구 남산로2길 50,35.85831948029149,128.5869610802915
대구광역시 중구 달구벌대로445길 20,35.864852880291494,128.6079120802915
대구광역시 중구 남산로4길 18-8,35.8589991802915,128.5862131802915
대구광역시 중구 달구벌대로 2016-40 (남산동),35.866561100000006,128.5968884
대구광역시 서구 국채보상로 384,35.8723215802915,128.5751841802915
대구광역시 서구 평리로54길 16,35.8626556802915,128.5540515802915
대구광역시 중구 중앙대로66길 7-10,35.86378808029149,128.5951816802915
대구광역시 중구 중앙대로 323,35.8634409802915,128.5939046802915
대구광역시 중구 동덕로60-12,35.8614294802915,128.6063469802915
대구광역시 중구 동성로12길 72-6,35.87206698029149,128.6009208802915
대구광역시 서구 당산로86길 13,35.8765671802915,128.5496242802915
대구광역시 중구 동덕로 33,35.8594478802915,128.6051859802915
대구광역시 중구 명륜로23길 52,35.86365988029149,128.5970309802915
대구광역시 중구 대봉로238-32,35.861216280291494,128.6030292802915
대구광역시 중구 명륜로 70,35.8624198802915,128.5933378802915
대구광역시 중구 달구벌대로 401길 18,35.8675937802915,128.5849840802915
"대구광역시 중구 봉산문화길 69(봉산동,봉산뜨란채아파트)",35.86381358029149,128.5982109802915
대구광역시 중구 명륜로 121-9,35.86146228029151,128.5985280802915
대구광역시 중구 228길 26-12,35.8660137802915,128.6099706
대구광역시 달서구 장기로 277,35.84332056,128.5300194
대구광역시 중구 경상감영길 231-3,35.8732217802915,128.6014090802915
대구광역시 중구 국채보상로140길 32,35.8688403802915,128.6073577802915
대구광역시 중구 동덕로 123-22,35.8674048802915,128.6033605802915
대구광역시 중구 국채보상로 728 (동인동4가),35.8701281,128.6141896
"대구광역시 중구 국채보상로143길 74-15 , 101호 (동인동3가, 협화동인빌라)",0.0,0.0
"대구광역시 중구 달성로 56 (동산동, 계명대학교동산의료원)",35.8699650802915,128.5842694802915
대구광역시 중구 달구벌대로443길 7-10,35.86484378029149,128.6059543802915
대구광역시 중구 동덕로 198-32,35.87341018029149,128.6071622802915
대구광역시 서구 문화로37길 6,35.8775533802915,128.5544927802915
"대구광역시 중구 신암로 6(동인동1가, 삼승슈퍼타워)",35.87456248029149,128.6064876802915
대구광역시 중구 국채보상로131길 71,35.8744356802915,128.6037969802915
대구광역시 중구 대봉로220-6,35.8596867802915,128.6032125802915
대구광역시 중구 국채보상로150길 86-16,35.8660172802915,128.6114841802915
대구광역시 중구 국채보상로150길 68 (삼덕동3가),35.8680445,128.6129231
대구광역시 중구 태평로51길 17-13,35.8747246802915,128.6072608802915
대구광역시 서구 국채보상로46길 63,35.8663174802915,128.5584186802915
대구광역시 중구 달구벌대로445길 44-6,35.8657382802915,128.6083905802915
대구광역시 중구 국채보상로149길 34-10 (동인동3가),35.87124878029149,128.6132196802915
대구광역시 중구 중앙대로61길 54,35.8622853802915,128.5906263802915
대구광역시 서구 고성로 22,35.88844088029151,128.5717461802915
대구광역시 중구 교동4길 26-1,35.8743155802915,128.6005967802915
대구광역시 서구 평리로 255,35.8644056802915,128.5525821802915
대구광역시 서구 서대구로68길 51,35.88962198029149,128.5693821802915
대구광역시 중구 달구벌대로443길 25-16,35.8652780802915,128.6063396802915
대구광역시 중구 동덕로 55,35.8616472802915,128.6029327802915
"대구광역시 중구 남산로13길 17 , 105동 109호 (남산동,보성황실타운)",35.8617301802915,128.5826569802915
대구광역시 서구 달구벌대로 1725,35.859767380291494,128.5559269802915
대구광역시 서구 달서로 103,35.87285758029149,128.5722080802915
대구광역시 서구 북비산로65길 18,35.8825067802915,128.5703657802915
대구광역시 중구 달구벌대로 2013 (동산동),35.8718698,128.587654
대구광역시 중구 달구벌대로447길 77 삼덕청아람리슈빌 내 의무보육시설,35.866009000000005,128.6099217
대구광역시 달서구 성당로51길 32,35.85569114,128.57219650000002
대구광역시 달서구 야외음악당로 38,35.84061122,128.55314779999998
대구광역시 중구 국채보상로152길 38-11,35.8684482802915,128.6139444802915
대구광역시 서구 국채보상로 257,35.873151180291494,128.5605693802915
대구광역시 서구 염색공단로11길 35,35.8862501802915,128.5550837802915
대구광역시 중구 태평로 275-15,35.87491238029151,128.6086487802915
대구광역시 중구 경상감영길 297-20,35.87245678029149,128.6049801802915
대구광역시 중구 달구벌대로443길 44-3,35.8663015802915,128.6073163802915
대구광역시 중구 달구벌대로 1975,35.8663847802915,128.5811362802915
대구광역시 서구 달서천로65길 17,35.8877061802915,128.5710120802915
대구광역시 중구 명륜로 23길 38-2,35.8629278802915,128.5972513802915
대구광역시 중구 경상감영길 292,35.873098799999994,128.6039665
대구광역시 중구 경상감영길 27-19,35.87358358029149,128.5900488802915
대구광역시 중구 국채보상로150길 76-30,35.866763280291494,128.6110093802915
대구광역시 중구 동덕로40길 7,35.8731722802915,128.6069699802915
대구광역시 서구 통학로 39,35.86545458029149,128.5648635802915
대구광역시 중구 공평로10길 37-14,35.8692400302915,128.6032344302915
대구광역시 중구 달구벌대로447길 72-14,35.86670718029149,128.6101773802915
대구광역시 서구 국채보상로46길 37-10,35.86849728029149,128.5587084802915
대구광역시 중구 공평로20길 11,35.8731829802915,128.6028672802915
대구광역시 중구 명륜로127-15,35.8620121802915,128.5994168802915
대구광역시 중구 국채보상로 657-8,35.87124168029151,128.6042843802915
대구광역시 중구 남산로7길 86 (남산동),35.8618051802915,128.5805924802915
대구광역시 서구 국채보상로46길 37-3,35.8687070802915,128.5581784802915
대구광역시 중구 명륜로21길 33-12,35.8637122802915,128.5957424802915
대구광역시 중구 국채보상로143길 74-15,35.87364578029151,128.6111772802915
대구광역시 서구 당산로 324,35.8658082802915,128.5486011802915
대구광역시 서구 달서로33길 2,35.87830538029149,128.5721596802915
대구광역시 서구 국채보상로81길 43,35.87717978029149,128.5760885802915
대구광역시 중구 교동길 74,35.87457008029149,128.5999895802915
대구광역시 중구 국채보상로 736-35,35.8683343802915,128.6122327802915
대구광역시 중구 달구벌대로443길 15-9,35.86497698029149,128.6060063802915
대구광역시 서구 평리로 236,35.86215998029149,128.5503122802915
대구광역시 중구 중앙대로 81길 73(수동),35.870605380291494,128.5910124802915
대구광역시 중구 국채보상로 679-8,35.8708405802915,128.6064373802915
대구광역시 중구 공평로8길 44-1,35.8675916802915,128.6035037802915
대구광역시 중구 중앙대로58길 43,35.8589623802915,128.6015734802915
대구광역시 중구 명륜로23길 80 (봉산동) ,35.8652469802915,128.5972365802915
대구광역시 중구 봉산문화2길 42-29,35.86444478029149,128.5992468802915
대구광역시 중구 남산로4길 111 (남산동),35.8635175802915,128.5869217802915
대구광역시 서구 국채보상로38길 32,35.8684021802915,128.5533362802915
대구광역시 중구 태평로4길 15-23 (달성동),35.87863368029149,128.5815178802915
대구광역시 중구 동덕로 182 (동인동1가),35.8721930802915,128.6059625802915
대구광역시 서구 달구벌대로377안길 10,35.8646869802915,128.5695717802915
대구광역시 중구 달구벌대로147길 44-25,35.8677359,128.608067
대구광역시 서구 국채보상로34길 47,35.8663813802915,128.5519690802915
대구광역시 중구 228길 58-2,35.8794342,128.6141896
대구광역시 서구 서대구로3길 32,35.86083488029149,128.5544717802915
"대구광역시 중구 달구벌대로447길 77 , 105동 103호 (삼덕동3가,삼덕청아람리슈빌)",35.8672995802915,128.6079905802915
대구광역시 서구 통학로24길 60,35.8725126802915,128.5713761802915
대구광역시 중구 국채보상로150길 89,35.8658733802915,128.6117942802915
대구광역시 달서구 월배로83길 120-14,35.83278631,128.5455779
대구광역시 중구 국채보상로142길 16,35.869246480291494,128.6099387802915
대구광역시 중구 공평로 87-1,35.87325928029149,128.6020294802915
대구광역시 중구 달구벌대로401길 5,35.86705678029149,128.5847675802915
대구광역시 중구 중앙대로 81길 29,35.8709496802915,128.5934068802915
대구광역시 중구 국채보상로143길 67-25,35.8735361802915,128.6088065802915
대구광역시 중구 국채보상로657-2,35.8710995802915,128.6042112802915
대구광역시 중구 경상감영길 286-29,35.8718971802915,128.6042328802915
대구광역시 중구 명륜로21길 43-8,35.86401058029149,128.5957347802915
대구광역시 중구 공평로8길 37-12,35.8683530802915,128.6037121802915
대구광역시 중구 달구벌대로445길 31,35.86544798029149,128.6078634802915
대구광역시 달서구 조암남로 97,35.81951189,128.52283329999997
대구광역시 중구 달구벌대로447길 44-16,35.8654807802915,128.6099354802915
대구광역시 중구 남산로4길 18-2,35.8589174802915,128.5863210802915
대구광역시 중구 동덕로8길 40-9,35.8615052802915,128.6073982802915
대구광역시 중구 봉산문화2길 16-16,35.8639993802915,128.5974674802915
대구광역시 중구 국채보상로 736-28,35.8696848802915,128.6123527802915
대구광역시 중구 달성로22길 30 (수창동),35.8756445802915,128.5854860802915
대구광역시 서구 달서천로57길 20,35.8877972802915,128.5667817802915
대구광역시 중구 국채보상로142길 12,35.8694328802915,128.6099612802915
대구광역시 중구 달구벌대로 1950,35.8636071802915,128.5786612802915
대구광역시 중구 남산로8길 35,35.8600901802915,128.5892703802915
대구광역시 중구 공평로10길 37-9,35.8692400302915,128.6032344302915
대구광역시 서구 국채보상로46길 61,35.8663975802915,128.5592064802915
대구광역시 서구 서대구로63길 28-13,35.8905185802915,128.5592160802915
대구광역시 서구 달구벌대로357길 22,35.8629764802915,128.5612862802915
대구광역시 달서구 용산로 212-7,35.85663686,128.5312265
대구광역시 서구 문화로69길 13-4,35.8789123802915,128.5711296802915
대구광역시 서구 고성로23길 18,35.88501828029151,128.5806595802915
대구광역시 중구 경상감영길 285-10,35.8726848802915,128.6044137802915
대구광역시 서구 국채보상로78길 29-4,35.87115028029149,128.5756496802915
대구광역시 중구 공평8길 37-10,35.86814948029149,128.6032029
대구광역시 중구 봉산문화1길 15,35.8642555802915,128.5995809802915
대구광역시 서구 국채보상로 289,35.8736622802915,128.5638386802915
대구광역시 중구 서성로14길 21-9,35.87430328029149,128.5899490802915
대구광역시 서구 서대구로61길 3,35.8864634802915,128.5574864802915
대구광역시 중구 동덕로 52-12,35.8608029802915,128.6065481802915
대구광역시 중구 공평10길 30-37,35.8692400302915,128.6032344302915
대구광역시 중구 국채보상로139길 1,35.8706327802915,128.6074268802915
대구광역시 서구 서대구로3길 5,35.860297580291494,128.5574453802915
대구광역시 중구 명륜로 126-1,35.8610883802915,128.5993999802915
대구광역시 서구 평리로 395,35.8683124802915,128.5675845802915
대구광역시 중구 동성로12길 72-7,35.87204618029151,128.6011056802915
대구광역시 중구 남산로4길 90 (남산동),35.86178488029149,128.5873729802915
대구광역시 중구 달구벌대로447길 34-7,35.86529468029149,128.6094955802915
대구광역시 달서구 상인서로 40,35.81426653,128.54500819999998
"대구광역시 중구 달성로 56, 동산의료원 내 동산어린이집 (동산동)",35.8704522802915,128.5845266802915
대구광역시 중구 남산로6안길 48,35.858297180291494,128.5871025802915
대구광역시 달서구 와룡로54길 28,35.85578734,128.5398014
대구광역시 중구 국채보상로149길 76-6,35.87318928029149,128.6128691802915
대구광역시 중구 동덕로26길 34-20,35.8660365802915,128.6066089802915
대구광역시 서구 당산로 343,35.8780249,128.5492295
대구광역시 중구 달구벌댈445길 44-8 ,35.8657151802915,128.6085010802915
대구광역시 서구 염색공단로5길 4,35.88935068029149,128.5549048802915
대구광역시 중구 봉산동 57,35.8652469802915,128.5972365802915
대구광역시 중구 태평로 56,35.8781510802915,128.5853217802915
대구광역시 달서구 중흥로8길 41,35.82922897,128.554762
대구광역시 중구 큰장로 74,35.8674131802915,128.5766525802915
대구광역시 중구 중앙대로 375 (덕산동),35.8670322802915,128.59813909999997
대구광역시 서구 평리로 221,35.8645795802915,128.5488319802915
대구광역시 서구 문화로67길 17-11,35.87879778029149,128.5700014802915
대구광역시 중구 중앙대로58길 40,35.85853048029149,128.5946774802915
대구광역시 중구 국채보상로140길 24-3,35.869209980291494,128.6075211802915
대구광역시 중구 동덕로123-23,35.86724048029149,128.6032607802915
대구광역시 서구 평리로 214,35.862147180291494,128.5481851802915
대구광역시 중구 동덕로60-16,35.8614429802915,128.6065330802915
"대구광역시 중구 중앙대로66길 20 , 102동 1층 (남산동, 반월당효성해링턴플레이스)",35.8626601802915,128.5946503802915
대구광역시 중구 교동4길 33-16,35.873591380291494,128.6014074802915
대구광역시 중구 중앙대로66길 20,35.86354058029149,128.5958466302915
대구광역시 중구 달구벌대로447길 44-6,35.8654873802915,128.6095302802915
대구광역시 중구 명륜로21길 33-16,35.86370388029151,128.5954390802915
대구광역시 중구 명륜로21길 47,35.8640644802915,128.5959654802915
대구광역시 중구 공평로8길 56-1,35.8674229802915,128.6042388802915
대구광역시 중구 남산로8길 31,35.85996958029151,128.5892373802915
"대구광역시 중구 달구벌대로 1955 , 103동 102호(대신동,대신센트럴자이)",35.8652518802915,128.5794504802915
대구광역시 중구 중앙대로62길 15 (남산동),35.8616953802915,128.5947773802915
"대구광역시 중구 동덕로 33 , 2동 105호 (대봉동,청운맨션)",35.8595639802915,128.6046829802915
대구광역시 중구 동덕로26길 112,35.86573548029149,128.6107191802915
대구광역시 서구 국채보상로50길 62,35.86708718029149,128.5613240802915
"대구광역시 중구 이천로 222-6, 401호",35.8621253802915,128.6009379802915
대구광역시 서구 국채보상로60길 6,35.87259038029149,128.5650370802915
대구광역시 중구 공평로4길 32-8,35.86630538029149,128.6028063802915
대구광역시 중구 국채보상로143길 74,35.87357748029149,128.6107935802915
"대구광역시 중구 큰장로 74(대신동,광명아파트)",35.8674516802915,128.5767128802915
대구광역시 달서구 구마로26길 62,35.83443829,128.5410399
대구광역시 서구 당산로 260,35.86104888029149,128.5484976802915
대구광역시 중구 달구벌대로 1955,35.8652518802915,128.5794504802915
대구광역시 서구 국채보상로34길 50,35.8652733802915,128.5506659802915
대구광역시 서구 서대구로 77,35.8657434802915,128.5566318802915
대구광역시 중구 교동4길 11,35.8747643802915,128.6009755802915
대구광역시 중구 달구벌대로446길 28-18,35.8627401802915,128.6061210802915
대구광역시 서구 국채보상로42길 46,35.8675565802915,128.5559181802915
